direction,condition,model,seed,mae,rmse,max_error,mape_pct,r2,signed_bias,n_train,n_test,device,smoke,timestamp
cross_A_train_PAN_test_LG,C1_baseline,linear,0,0.08412434726953506,0.10773103982897474,0.4967016875743866,19.882139904268442,0.7961128648626943,0.05048505999147892,1500,800,cpu,True,2026-06-10T14:39:40+00:00
cross_A_train_PAN_test_LG,C1_baseline,mlp,0,0.21493763037025929,0.28152868773374895,0.9691186249256134,47.17269278303987,-0.39236607161135395,0.1622638702392578,1500,800,cpu,True,2026-06-10T14:39:42+00:00
cross_A_train_PAN_test_LG,C1_baseline,lstm,0,0.24813121987041087,0.2875812299233431,0.7578434348106384,41.24176385976761,-0.4528781541403859,-0.2459280788898468,1500,800,cpu,True,2026-06-10T14:39:45+00:00
cross_A_train_PAN_test_LG,C1_baseline,gru,0,0.32815266892313955,0.36194962894822735,0.836101770401001,61.261034260879896,-1.3014650898791196,-0.328002005815506,1500,800,cpu,True,2026-06-10T14:39:48+00:00
cross_A_train_PAN_test_LG,C1_baseline,patchtst,0,0.16120347663760184,0.19461387590871132,0.5215719491243362,33.96482504743061,0.3346414771367622,0.09768645465373993,1500,800,cpu,True,2026-06-10T14:39:51+00:00
cross_A_train_PAN_test_LG,C2_ocv_mean,linear,0,0.08123714638873934,0.10778216131782992,0.5263046622276306,19.19147708980082,0.795919318287191,0.05273153031244874,1500,800,cpu,True,2026-06-10T14:39:53+00:00
cross_A_train_PAN_test_LG,C2_ocv_mean,mlp,0,0.18813624367117882,0.2462018907642585,0.8320127427577972,39.245030859956344,-0.06485601365610139,0.16462235152721405,1500,800,cpu,True,2026-06-10T14:39:53+00:00
cross_A_train_PAN_test_LG,C2_ocv_mean,lstm,0,0.20012781666591764,0.24524122256585992,0.6838697195053101,33.26338006506543,-0.056562190175253546,-0.1679564267396927,1500,800,cpu,True,2026-06-10T14:39:55+00:00
cross_A_train_PAN_test_LG,C2_ocv_mean,gru,0,0.20006227493751794,0.23649866786780235,0.6594248712062836,35.68921245886894,0.017425435012532797,-0.1894700676202774,1500,800,cpu,True,2026-06-10T14:40:00+00:00
cross_A_train_PAN_test_LG,C2_ocv_mean,patchtst,0,0.142379607912153,0.17767770681449827,0.5015154629945755,31.516445663786836,0.4454074888090096,0.03020409308373928,1500,800,cpu,True,2026-06-10T14:40:05+00:00
cross_A_train_PAN_test_LG,C3_ocv_dischg,linear,0,0.07712508425116539,0.10412336675716234,0.5494539141654968,18.2647571561478,0.8095396734201898,0.027700668014585973,1500,800,cpu,True,2026-06-10T14:40:06+00:00
cross_A_train_PAN_test_LG,C3_ocv_dischg,mlp,0,0.17000343101099133,0.22649845385396714,0.8546055257320404,36.65092589684415,0.09876385009283861,0.1392272561788559,1500,800,cpu,True,2026-06-10T14:40:06+00:00
cross_A_train_PAN_test_LG,C3_ocv_dischg,lstm,0,0.200229132194072,0.2451630015240199,0.6861329674720764,33.26567919159948,-0.05588830497506403,-0.16861355304718018,1500,800,cpu,True,2026-06-10T14:40:09+00:00
cross_A_train_PAN_test_LG,C3_ocv_dischg,gru,0,0.20283284071367233,0.2395653281236267,0.6597505807876587,36.16988849786838,-0.008221715619717296,-0.19208194315433502,1500,800,cpu,True,2026-06-10T14:40:12+00:00
cross_A_train_PAN_test_LG,C3_ocv_dischg,patchtst,0,0.14230481285601854,0.1780348933212619,0.5019203573465347,31.45669105345973,0.44317544654541063,0.02698357030749321,1500,800,cpu,True,2026-06-10T14:40:16+00:00
cross_A_train_PAN_test_LG,C4_coral,linear,0,0.08804362755268812,0.10492048166620353,0.3993033170700073,20.247808603118123,0.806612378734794,0.047703056521713735,1500,800,cpu,True,2026-06-10T14:40:18+00:00
cross_A_train_PAN_test_LG,C4_coral,mlp,0,0.14785918024834246,0.17322916171690306,0.49399590492248535,34.682473766056155,0.4728306797010827,-0.0992458313703537,1500,800,cpu,True,2026-06-10T14:40:18+00:00
cross_A_train_PAN_test_LG,C4_coral,lstm,0,0.22915135383605956,0.2614757236942082,0.5380745530128479,36.24454911052135,-0.2010770468679175,-0.22722500562667847,1500,800,cpu,True,2026-06-10T14:40:21+00:00
cross_A_train_PAN_test_LG,C4_coral,gru,0,0.30269444941543044,0.32640003140634377,0.6887382417917252,55.80899662300509,-0.871580466522812,-0.3023921847343445,1500,800,cpu,True,2026-06-10T14:40:24+00:00
cross_A_train_PAN_test_LG,C4_coral,patchtst,0,0.1989615499973297,0.2382782755973538,0.5725366920232773,44.26264200126054,0.002582423519713717,0.14814229309558868,1500,800,cpu,True,2026-06-10T14:40:27+00:00
cross_B_train_LG_test_PAN,C1_baseline,linear,0,0.07749534754548222,0.10866252125932006,0.6486639231443405,16.36321620270879,0.832789386564807,-0.041639405325986444,1500,800,cpu,True,2026-06-10T14:40:28+00:00
cross_B_train_LG_test_PAN,C1_baseline,mlp,0,0.16375853184144945,0.19498220072936312,0.4281347990036011,31.336456195132122,0.4616134265266939,-0.08451689034700394,1500,800,cpu,True,2026-06-10T14:40:28+00:00
cross_B_train_LG_test_PAN,C1_baseline,lstm,0,0.26307321500033143,0.2935534492928859,0.8304088041186333,40.54026410968619,-0.22033385685146523,-0.260715126991272,1500,800,cpu,True,2026-06-10T14:40:31+00:00
cross_B_train_LG_test_PAN,C1_baseline,gru,0,0.33061808528844266,0.3526057461369739,0.9790879711508751,58.44286036529002,-0.7606906408426386,-0.3306180536746979,1500,800,cpu,True,2026-06-10T14:40:34+00:00
cross_B_train_LG_test_PAN,C1_baseline,patchtst,0,0.16246148334350438,0.196424288767155,0.5012940987944603,41.24144453645559,0.4536201639205659,-0.013045060448348522,1500,800,cpu,True,2026-06-10T14:40:37+00:00
cross_B_train_LG_test_PAN,C2_ocv_mean,linear,0,0.07655417795758694,0.10496777178598825,0.5630531907081604,13.380894852453117,0.8439670780131361,-0.040696203825064,1500,800,cpu,True,2026-06-10T14:40:38+00:00
cross_B_train_LG_test_PAN,C2_ocv_mean,mlp,0,0.15555551746394486,0.18280858011193576,0.43140172958374023,30.807713135340464,0.5267425755599371,-0.05909513309597969,1500,800,cpu,True,2026-06-10T14:40:38+00:00
cross_B_train_LG_test_PAN,C2_ocv_mean,lstm,0,0.21577691126149148,0.24742842642550836,0.594808429479599,36.55187902330307,0.13303119471340497,-0.18703776597976685,1500,800,cpu,True,2026-06-10T14:40:42+00:00
cross_B_train_LG_test_PAN,C2_ocv_mean,gru,0,0.19855452377232724,0.22728088665611013,0.7698329240083694,31.64762891993839,0.2684734131796359,-0.19608533382415771,1500,800,cpu,True,2026-06-10T14:40:46+00:00
cross_B_train_LG_test_PAN,C2_ocv_mean,patchtst,0,0.16901997306849809,0.19497267526349848,0.4217172861099243,26.880458943847856,0.4616660288425972,-0.15649323165416718,1500,800,cpu,True,2026-06-10T14:40:50+00:00
cross_B_train_LG_test_PAN,C3_ocv_dischg,linear,0,0.07852048464585096,0.11051061388528817,0.5516043603420258,12.642079634418762,0.8270533047236789,0.002148880106396973,1500,800,cpu,True,2026-06-10T14:40:51+00:00
cross_B_train_LG_test_PAN,C3_ocv_dischg,mlp,0,0.15066467210184784,0.1774018901854644,0.43735989183187485,30.16307331622936,0.5543224370549806,-0.03950786963105202,1500,800,cpu,True,2026-06-10T14:40:51+00:00
cross_B_train_LG_test_PAN,C3_ocv_dischg,lstm,0,0.21138109165709465,0.2425487809455881,0.5951427519321442,36.093922969926524,0.16688975079923607,-0.1816236823797226,1500,800,cpu,True,2026-06-10T14:40:54+00:00
cross_B_train_LG_test_PAN,C3_ocv_dischg,gru,0,0.19309997804346493,0.2221091540283597,0.7705723792314529,30.91547328840642,0.3013861345106854,-0.19031238555908203,1500,800,cpu,True,2026-06-10T14:40:58+00:00
cross_B_train_LG_test_PAN,C3_ocv_dischg,patchtst,0,0.17382108686026185,0.1998952075522564,0.4305225610733032,27.18450256528072,0.4341399297086016,-0.16353218257427216,1500,800,cpu,True,2026-06-10T14:41:04+00:00
cross_B_train_LG_test_PAN,C4_coral,linear,0,0.09091787478420883,0.11683825615767879,0.6443229168653488,18.80517193941827,0.8066810544095651,-0.05485661617014557,1500,800,cpu,True,2026-06-10T14:41:06+00:00
cross_B_train_LG_test_PAN,C4_coral,mlp,0,0.15742268920410424,0.1940184634320341,0.43550586700439453,27.465484793927093,0.46692243348539086,-0.04963544383645058,1500,800,cpu,True,2026-06-10T14:41:06+00:00
cross_B_train_LG_test_PAN,C4_coral,lstm,0,0.24637019623070955,0.2904312232441767,0.9808948636054993,40.148677283250244,-0.194513034109991,-0.24263229966163635,1500,800,cpu,True,2026-06-10T14:41:10+00:00
cross_B_train_LG_test_PAN,C4_coral,gru,0,0.31982358552981166,0.3582817790989434,1.1914497315883636,57.822330554192966,-0.817831936945935,-0.319006085395813,1500,800,cpu,True,2026-06-10T14:41:13+00:00
cross_B_train_LG_test_PAN,C4_coral,patchtst,0,0.13253615857567638,0.16599794156144065,0.4813578575849533,28.432767720516654,0.609779851142343,-0.020370565354824066,1500,800,cpu,True,2026-06-10T14:41:17+00:00
