direction,condition,model,soc_bin,mae,count
cross_A_train_PAN_test_LG,C2_ocv_mean,bilstm,0.1-0.2,0.0656,10200
cross_A_train_PAN_test_LG,C2_ocv_mean,bilstm,0.2-0.3,0.05684,22920
cross_A_train_PAN_test_LG,C2_ocv_mean,bilstm,0.3-0.4,0.08347,19555
cross_A_train_PAN_test_LG,C2_ocv_mean,bilstm,0.4-0.5,0.07302,27250
cross_A_train_PAN_test_LG,C2_ocv_mean,bilstm,0.5-0.6,0.08022,31650
cross_A_train_PAN_test_LG,C2_ocv_mean,bilstm,0.6-0.7,0.10663,25455
cross_A_train_PAN_test_LG,C2_ocv_mean,bilstm,0.7-0.8,0.1139,26610
cross_A_train_PAN_test_LG,C2_ocv_mean,bilstm,0.8-0.9,0.09812,27010
cross_A_train_PAN_test_LG,C2_ocv_mean,bilstm,0.9-1.0,0.0423,30760
cross_A_train_PAN_test_LG,C2_ocv_mean,cnn_bilstm_attn,0.1-0.2,0.05927,10200
cross_A_train_PAN_test_LG,C2_ocv_mean,cnn_bilstm_attn,0.2-0.3,0.06645,22920
cross_A_train_PAN_test_LG,C2_ocv_mean,cnn_bilstm_attn,0.3-0.4,0.09657,19555
cross_A_train_PAN_test_LG,C2_ocv_mean,cnn_bilstm_attn,0.4-0.5,0.08689,27250
cross_A_train_PAN_test_LG,C2_ocv_mean,cnn_bilstm_attn,0.5-0.6,0.09054,31650
cross_A_train_PAN_test_LG,C2_ocv_mean,cnn_bilstm_attn,0.6-0.7,0.10797,25455
cross_A_train_PAN_test_LG,C2_ocv_mean,cnn_bilstm_attn,0.7-0.8,0.11539,26610
cross_A_train_PAN_test_LG,C2_ocv_mean,cnn_bilstm_attn,0.8-0.9,0.10147,27010
cross_A_train_PAN_test_LG,C2_ocv_mean,cnn_bilstm_attn,0.9-1.0,0.05122,30760
cross_A_train_PAN_test_LG,C2_ocv_mean,tcn,0.1-0.2,0.03711,10200
cross_A_train_PAN_test_LG,C2_ocv_mean,tcn,0.2-0.3,0.07134,22920
cross_A_train_PAN_test_LG,C2_ocv_mean,tcn,0.3-0.4,0.10342,19555
cross_A_train_PAN_test_LG,C2_ocv_mean,tcn,0.4-0.5,0.09272,27250
cross_A_train_PAN_test_LG,C2_ocv_mean,tcn,0.5-0.6,0.09626,31650
cross_A_train_PAN_test_LG,C2_ocv_mean,tcn,0.6-0.7,0.11183,25455
cross_A_train_PAN_test_LG,C2_ocv_mean,tcn,0.7-0.8,0.12039,26610
cross_A_train_PAN_test_LG,C2_ocv_mean,tcn,0.8-0.9,0.11081,27010
cross_A_train_PAN_test_LG,C2_ocv_mean,tcn,0.9-1.0,0.0536,30760
cross_A_train_PAN_test_LG,C2_ocv_mean,transformer,0.1-0.2,0.07609,10200
cross_A_train_PAN_test_LG,C2_ocv_mean,transformer,0.2-0.3,0.06104,22920
cross_A_train_PAN_test_LG,C2_ocv_mean,transformer,0.3-0.4,0.07917,19555
cross_A_train_PAN_test_LG,C2_ocv_mean,transformer,0.4-0.5,0.06586,27250
cross_A_train_PAN_test_LG,C2_ocv_mean,transformer,0.5-0.6,0.07169,31650
cross_A_train_PAN_test_LG,C2_ocv_mean,transformer,0.6-0.7,0.09787,25455
cross_A_train_PAN_test_LG,C2_ocv_mean,transformer,0.7-0.8,0.10707,26610
cross_A_train_PAN_test_LG,C2_ocv_mean,transformer,0.8-0.9,0.09755,27010
cross_A_train_PAN_test_LG,C2_ocv_mean,transformer,0.9-1.0,0.0469,30760
cross_A_train_PAN_test_LG,C4_coral,bilstm,0.1-0.2,0.09019,10200
cross_A_train_PAN_test_LG,C4_coral,bilstm,0.2-0.3,0.05415,22920
cross_A_train_PAN_test_LG,C4_coral,bilstm,0.3-0.4,0.0531,19555
cross_A_train_PAN_test_LG,C4_coral,bilstm,0.4-0.5,0.07172,27250
cross_A_train_PAN_test_LG,C4_coral,bilstm,0.5-0.6,0.07729,31650
cross_A_train_PAN_test_LG,C4_coral,bilstm,0.6-0.7,0.09971,25455
cross_A_train_PAN_test_LG,C4_coral,bilstm,0.7-0.8,0.12384,26610
cross_A_train_PAN_test_LG,C4_coral,bilstm,0.8-0.9,0.11191,27010
cross_A_train_PAN_test_LG,C4_coral,bilstm,0.9-1.0,0.05393,30760
cross_A_train_PAN_test_LG,C4_coral,cnn_bilstm_attn,0.1-0.2,0.09037,10200
cross_A_train_PAN_test_LG,C4_coral,cnn_bilstm_attn,0.2-0.3,0.05813,22920
cross_A_train_PAN_test_LG,C4_coral,cnn_bilstm_attn,0.3-0.4,0.05966,19555
cross_A_train_PAN_test_LG,C4_coral,cnn_bilstm_attn,0.4-0.5,0.07815,27250
cross_A_train_PAN_test_LG,C4_coral,cnn_bilstm_attn,0.5-0.6,0.0827,31650
cross_A_train_PAN_test_LG,C4_coral,cnn_bilstm_attn,0.6-0.7,0.10379,25455
cross_A_train_PAN_test_LG,C4_coral,cnn_bilstm_attn,0.7-0.8,0.12902,26610
cross_A_train_PAN_test_LG,C4_coral,cnn_bilstm_attn,0.8-0.9,0.11878,27010
cross_A_train_PAN_test_LG,C4_coral,cnn_bilstm_attn,0.9-1.0,0.06,30760
cross_A_train_PAN_test_LG,C4_coral,tcn,0.1-0.2,0.06398,10200
cross_A_train_PAN_test_LG,C4_coral,tcn,0.2-0.3,0.05427,22920
cross_A_train_PAN_test_LG,C4_coral,tcn,0.3-0.4,0.05619,19555
cross_A_train_PAN_test_LG,C4_coral,tcn,0.4-0.5,0.0865,27250
cross_A_train_PAN_test_LG,C4_coral,tcn,0.5-0.6,0.0865,31650
cross_A_train_PAN_test_LG,C4_coral,tcn,0.6-0.7,0.10803,25455
cross_A_train_PAN_test_LG,C4_coral,tcn,0.7-0.8,0.13511,26610
cross_A_train_PAN_test_LG,C4_coral,tcn,0.8-0.9,0.12528,27010
cross_A_train_PAN_test_LG,C4_coral,tcn,0.9-1.0,0.06783,30760
cross_A_train_PAN_test_LG,C4_coral,transformer,0.1-0.2,0.0865,10200
cross_A_train_PAN_test_LG,C4_coral,transformer,0.2-0.3,0.05608,22920
cross_A_train_PAN_test_LG,C4_coral,transformer,0.3-0.4,0.04674,19555
cross_A_train_PAN_test_LG,C4_coral,transformer,0.4-0.5,0.06408,27250
cross_A_train_PAN_test_LG,C4_coral,transformer,0.5-0.6,0.0708,31650
cross_A_train_PAN_test_LG,C4_coral,transformer,0.6-0.7,0.09511,25455
cross_A_train_PAN_test_LG,C4_coral,transformer,0.7-0.8,0.12276,26610
cross_A_train_PAN_test_LG,C4_coral,transformer,0.8-0.9,0.11524,27010
cross_A_train_PAN_test_LG,C4_coral,transformer,0.9-1.0,0.06035,30760
cross_B_train_LG_test_PAN,C2_ocv_mean,bilstm,0.0-0.1,0.075,2440
cross_B_train_LG_test_PAN,C2_ocv_mean,bilstm,0.1-0.2,0.03612,11955
cross_B_train_LG_test_PAN,C2_ocv_mean,bilstm,0.2-0.3,0.03034,18950
cross_B_train_LG_test_PAN,C2_ocv_mean,bilstm,0.3-0.4,0.0497,24095
cross_B_train_LG_test_PAN,C2_ocv_mean,bilstm,0.4-0.5,0.07679,26430
cross_B_train_LG_test_PAN,C2_ocv_mean,bilstm,0.5-0.6,0.08627,26590
cross_B_train_LG_test_PAN,C2_ocv_mean,bilstm,0.6-0.7,0.08997,27845
cross_B_train_LG_test_PAN,C2_ocv_mean,bilstm,0.7-0.8,0.10155,28295
cross_B_train_LG_test_PAN,C2_ocv_mean,bilstm,0.8-0.9,0.11369,29745
cross_B_train_LG_test_PAN,C2_ocv_mean,bilstm,0.9-1.0,0.04981,66820
cross_B_train_LG_test_PAN,C2_ocv_mean,cnn_bilstm_attn,0.0-0.1,0.07643,2440
cross_B_train_LG_test_PAN,C2_ocv_mean,cnn_bilstm_attn,0.1-0.2,0.03612,11955
cross_B_train_LG_test_PAN,C2_ocv_mean,cnn_bilstm_attn,0.2-0.3,0.031,18950
cross_B_train_LG_test_PAN,C2_ocv_mean,cnn_bilstm_attn,0.3-0.4,0.05457,24095
cross_B_train_LG_test_PAN,C2_ocv_mean,cnn_bilstm_attn,0.4-0.5,0.08071,26430
cross_B_train_LG_test_PAN,C2_ocv_mean,cnn_bilstm_attn,0.5-0.6,0.09326,26590
cross_B_train_LG_test_PAN,C2_ocv_mean,cnn_bilstm_attn,0.6-0.7,0.0947,27845
cross_B_train_LG_test_PAN,C2_ocv_mean,cnn_bilstm_attn,0.7-0.8,0.1036,28295
cross_B_train_LG_test_PAN,C2_ocv_mean,cnn_bilstm_attn,0.8-0.9,0.11194,29745
cross_B_train_LG_test_PAN,C2_ocv_mean,cnn_bilstm_attn,0.9-1.0,0.08525,66820
cross_B_train_LG_test_PAN,C2_ocv_mean,tcn,0.0-0.1,0.07324,2440
cross_B_train_LG_test_PAN,C2_ocv_mean,tcn,0.1-0.2,0.0373,11955
cross_B_train_LG_test_PAN,C2_ocv_mean,tcn,0.2-0.3,0.03167,18950
cross_B_train_LG_test_PAN,C2_ocv_mean,tcn,0.3-0.4,0.0519,24095
cross_B_train_LG_test_PAN,C2_ocv_mean,tcn,0.4-0.5,0.07522,26430
cross_B_train_LG_test_PAN,C2_ocv_mean,tcn,0.5-0.6,0.0904,26590
cross_B_train_LG_test_PAN,C2_ocv_mean,tcn,0.6-0.7,0.09436,27845
cross_B_train_LG_test_PAN,C2_ocv_mean,tcn,0.7-0.8,0.10421,28295
cross_B_train_LG_test_PAN,C2_ocv_mean,tcn,0.8-0.9,0.11292,29745
cross_B_train_LG_test_PAN,C2_ocv_mean,tcn,0.9-1.0,0.06704,66820
cross_B_train_LG_test_PAN,C2_ocv_mean,transformer,0.0-0.1,0.07568,2440
cross_B_train_LG_test_PAN,C2_ocv_mean,transformer,0.1-0.2,0.03706,11955
cross_B_train_LG_test_PAN,C2_ocv_mean,transformer,0.2-0.3,0.02795,18950
cross_B_train_LG_test_PAN,C2_ocv_mean,transformer,0.3-0.4,0.04855,24095
cross_B_train_LG_test_PAN,C2_ocv_mean,transformer,0.4-0.5,0.07158,26430
cross_B_train_LG_test_PAN,C2_ocv_mean,transformer,0.5-0.6,0.08298,26590
cross_B_train_LG_test_PAN,C2_ocv_mean,transformer,0.6-0.7,0.08723,27845
cross_B_train_LG_test_PAN,C2_ocv_mean,transformer,0.7-0.8,0.09682,28295
cross_B_train_LG_test_PAN,C2_ocv_mean,transformer,0.8-0.9,0.106,29745
cross_B_train_LG_test_PAN,C2_ocv_mean,transformer,0.9-1.0,0.06818,66820
cross_B_train_LG_test_PAN,C4_coral,bilstm,0.0-0.1,0.10383,2440
cross_B_train_LG_test_PAN,C4_coral,bilstm,0.1-0.2,0.05797,11955
cross_B_train_LG_test_PAN,C4_coral,bilstm,0.2-0.3,0.0386,18950
cross_B_train_LG_test_PAN,C4_coral,bilstm,0.3-0.4,0.03371,24095
cross_B_train_LG_test_PAN,C4_coral,bilstm,0.4-0.5,0.04106,26430
cross_B_train_LG_test_PAN,C4_coral,bilstm,0.5-0.6,0.05561,26590
cross_B_train_LG_test_PAN,C4_coral,bilstm,0.6-0.7,0.07475,27845
cross_B_train_LG_test_PAN,C4_coral,bilstm,0.7-0.8,0.09639,28295
cross_B_train_LG_test_PAN,C4_coral,bilstm,0.8-0.9,0.12369,29745
cross_B_train_LG_test_PAN,C4_coral,bilstm,0.9-1.0,0.07106,66820
cross_B_train_LG_test_PAN,C4_coral,cnn_bilstm_attn,0.0-0.1,0.10894,2440
cross_B_train_LG_test_PAN,C4_coral,cnn_bilstm_attn,0.1-0.2,0.06101,11955
cross_B_train_LG_test_PAN,C4_coral,cnn_bilstm_attn,0.2-0.3,0.0403,18950
cross_B_train_LG_test_PAN,C4_coral,cnn_bilstm_attn,0.3-0.4,0.03889,24095
cross_B_train_LG_test_PAN,C4_coral,cnn_bilstm_attn,0.4-0.5,0.04923,26430
cross_B_train_LG_test_PAN,C4_coral,cnn_bilstm_attn,0.5-0.6,0.06361,26590
cross_B_train_LG_test_PAN,C4_coral,cnn_bilstm_attn,0.6-0.7,0.08546,27845
cross_B_train_LG_test_PAN,C4_coral,cnn_bilstm_attn,0.7-0.8,0.11118,28295
cross_B_train_LG_test_PAN,C4_coral,cnn_bilstm_attn,0.8-0.9,0.13578,29745
cross_B_train_LG_test_PAN,C4_coral,cnn_bilstm_attn,0.9-1.0,0.0791,66820
cross_B_train_LG_test_PAN,C4_coral,tcn,0.0-0.1,0.10615,2440
cross_B_train_LG_test_PAN,C4_coral,tcn,0.1-0.2,0.06749,11955
cross_B_train_LG_test_PAN,C4_coral,tcn,0.2-0.3,0.04207,18950
cross_B_train_LG_test_PAN,C4_coral,tcn,0.3-0.4,0.03925,24095
cross_B_train_LG_test_PAN,C4_coral,tcn,0.4-0.5,0.05032,26430
cross_B_train_LG_test_PAN,C4_coral,tcn,0.5-0.6,0.06398,26590
cross_B_train_LG_test_PAN,C4_coral,tcn,0.6-0.7,0.08436,27845
cross_B_train_LG_test_PAN,C4_coral,tcn,0.7-0.8,0.10759,28295
cross_B_train_LG_test_PAN,C4_coral,tcn,0.8-0.9,0.13254,29745
cross_B_train_LG_test_PAN,C4_coral,tcn,0.9-1.0,0.07505,66820
cross_B_train_LG_test_PAN,C4_coral,transformer,0.0-0.1,0.0979,2440
cross_B_train_LG_test_PAN,C4_coral,transformer,0.1-0.2,0.05491,11955
cross_B_train_LG_test_PAN,C4_coral,transformer,0.2-0.3,0.03801,18950
cross_B_train_LG_test_PAN,C4_coral,transformer,0.3-0.4,0.03493,24095
cross_B_train_LG_test_PAN,C4_coral,transformer,0.4-0.5,0.04618,26430
cross_B_train_LG_test_PAN,C4_coral,transformer,0.5-0.6,0.05746,26590
cross_B_train_LG_test_PAN,C4_coral,transformer,0.6-0.7,0.07635,27845
cross_B_train_LG_test_PAN,C4_coral,transformer,0.7-0.8,0.10037,28295
cross_B_train_LG_test_PAN,C4_coral,transformer,0.8-0.9,0.12657,29745
cross_B_train_LG_test_PAN,C4_coral,transformer,0.9-1.0,0.08086,66820
