experiment,model,seed,rmse,mae,max_error,mape_pct,r2,n_params,train_time_s,n_train,n_test,device,timestamp
within_LG,linear,0,0.07684910803862995,0.056222654581069946,0.3915292024612427,12.26365662561465,0.8982412068020292,301,1.219,1500,800,cpu,2026-06-08T17:56:17+00:00
within_LG,mlp,0,0.11918688218290663,0.09325220204889774,0.4460826516151428,20.340844459572104,0.7552339361445455,110081,6.989,1500,800,cuda,2026-06-08T17:56:24+00:00
within_LG,lstm,0,0.2691681657632399,0.2358322269609198,0.7059638798236847,37.50634811344456,-0.24836526333652453,38881,0.34,1500,800,cuda,2026-06-08T17:56:24+00:00
within_LG,gru,0,0.31830040731184417,0.2945861033024266,0.695384681224823,52.39874323802082,-0.7456962309982171,29185,0.114,1500,800,cuda,2026-06-08T17:56:24+00:00
within_LG,bilstm,0,0.4539319646058764,0.40907012115232644,0.8006352484226227,63.58682859476924,-2.550387997859418,77761,0.142,1500,800,cuda,2026-06-08T17:56:24+00:00
within_LG,cnn_bilstm_attn,0,0.26367342793700843,0.2246453756839037,0.4933028221130371,42.7003191749143,-0.19791779462913306,42402,0.666,1500,800,cuda,2026-06-08T17:56:25+00:00
within_LG,tcn,0,0.3707122075477382,0.31560692327097056,1.4889387041330338,53.711482066352076,-1.3679256431350049,16001,0.253,1500,800,cuda,2026-06-08T17:56:25+00:00
within_LG,transformer,0,0.178106550858646,0.15642047312110663,0.44951052963733673,38.50183868478969,0.4534195772171934,67265,0.427,1500,800,cuda,2026-06-08T17:56:26+00:00
within_LG,patchtst,0,0.24406936811377414,0.1979784446954727,0.5953952372074127,52.60734587266973,-0.026409916109776166,68481,0.136,1500,800,cuda,2026-06-08T17:56:26+00:00
within_PAN,linear,0,0.10656287636922658,0.0759461045730859,0.5679541081190109,20.100064016383534,0.8545651104226537,301,0.009,1500,800,cpu,2026-06-08T17:56:27+00:00
within_PAN,mlp,0,0.1855684977269563,0.15332604384981097,0.6647230684757233,33.03769402627261,0.5589729369074924,110081,0.067,1500,800,cuda,2026-06-08T17:56:27+00:00
within_PAN,lstm,0,0.29286754783967817,0.257799379453063,0.8066546246409416,39.84540636510208,-0.09849791819342002,38881,0.059,1500,800,cuda,2026-06-08T17:56:27+00:00
within_PAN,gru,0,0.3547808594124168,0.32885876738466324,0.9212824515998363,57.58273830842614,-0.6120447710031627,29185,0.058,1500,800,cuda,2026-06-08T17:56:27+00:00
within_PAN,bilstm,0,0.5022131680004667,0.4528715863451362,0.849489226937294,65.21628365108967,-2.2302261440306324,77761,0.111,1500,800,cuda,2026-06-08T17:56:27+00:00
within_PAN,cnn_bilstm_attn,0,0.31070878653767514,0.26839288108982146,0.6280006393790245,53.627291447732674,-0.23641369288772607,42402,0.082,1500,800,cuda,2026-06-08T17:56:27+00:00
within_PAN,tcn,0,0.42383204832290644,0.36601898953318596,1.4490032196044922,65.5405519807878,-1.3006169889386587,16001,0.094,1500,800,cuda,2026-06-08T17:56:28+00:00
within_PAN,transformer,0,0.17736600203838196,0.1487637705821544,0.45770975947380066,40.70169892122414,0.5970997934589268,67265,0.309,1500,800,cuda,2026-06-08T17:56:28+00:00
within_PAN,patchtst,0,0.16187345245571652,0.13016884738113732,0.41497522592544556,29.79371111114963,0.6644107848821614,68481,0.133,1500,800,cuda,2026-06-08T17:56:28+00:00
cross_A_train_PAN_test_LG,linear,0,0.10773383531577566,0.0841248394921422,0.4966890513896942,19.882108740118756,0.7961022834890997,301,0.011,1500,800,cpu,2026-06-08T17:56:30+00:00
cross_A_train_PAN_test_LG,mlp,0,0.28392806148142247,0.21839512534439565,1.0327726602554321,48.21145072913294,-0.4162005369975257,110081,0.051,1500,800,cuda,2026-06-08T17:56:30+00:00
cross_A_train_PAN_test_LG,lstm,0,0.28758095891953706,0.24813095387537032,0.7578433454036713,41.241725394857674,-0.4528754158857087,38881,0.058,1500,800,cuda,2026-06-08T17:56:30+00:00
cross_A_train_PAN_test_LG,gru,0,0.36194948540370603,0.32815252129454164,0.836101807653904,61.26101194484869,-1.301463264417162,29185,0.059,1500,800,cuda,2026-06-08T17:56:30+00:00
cross_A_train_PAN_test_LG,bilstm,0,0.46253793475769006,0.4167132356809452,0.9261501654982567,67.57610232981871,-2.7583985680710903,77761,0.111,1500,800,cuda,2026-06-08T17:56:30+00:00
cross_A_train_PAN_test_LG,cnn_bilstm_attn,0,0.26188418738062447,0.2215324456989765,0.6200844645500183,46.96525740233055,-0.204832497226904,42402,0.084,1500,800,cuda,2026-06-08T17:56:30+00:00
cross_A_train_PAN_test_LG,tcn,0,0.40914852968393617,0.32230220721103253,2.3160584419965744,63.15353466400552,-1.9408312847961349,16001,0.09,1500,800,cuda,2026-06-08T17:56:30+00:00
cross_A_train_PAN_test_LG,transformer,0,0.24535077137369354,0.21828897908329964,0.5996584743261337,54.55781760075581,-0.05750632981616399,67265,0.305,1500,800,cuda,2026-06-08T17:56:31+00:00
cross_A_train_PAN_test_LG,patchtst,0,0.19813275258794616,0.16414904072880745,0.5261915475130081,34.535379985867024,0.31036282163958917,68481,0.144,1500,800,cuda,2026-06-08T17:56:31+00:00
cross_B_train_LG_test_PAN,linear,0,0.10866280298213318,0.07749672538135201,0.6486817449331284,16.363563478297735,0.8327885195297904,301,0.009,1500,800,cpu,2026-06-08T17:56:32+00:00
cross_B_train_LG_test_PAN,mlp,0,0.19658730248589795,0.16867655174341054,0.4322583079338074,33.0206675246385,0.45271289966848716,110081,0.05,1500,800,cuda,2026-06-08T17:56:32+00:00
cross_B_train_LG_test_PAN,lstm,0,0.29355310395337214,0.2630728632071987,0.8304083198308945,40.54020690869417,-0.22033098562475062,38881,0.056,1500,800,cuda,2026-06-08T17:56:33+00:00
cross_B_train_LG_test_PAN,gru,0,0.3526056870665423,0.3306180385942571,0.9790878817439079,58.442848491347185,-0.7606900509217513,29185,0.055,1500,800,cuda,2026-06-08T17:56:33+00:00
cross_B_train_LG_test_PAN,bilstm,0,0.49668897006036744,0.45141763353254644,0.8117993474006653,65.38101189466258,-2.4936011064114365,77761,0.112,1500,800,cuda,2026-06-08T17:56:33+00:00
cross_B_train_LG_test_PAN,cnn_bilstm_attn,0,0.3132375619510346,0.27804229272063824,0.6886100992560387,54.73471724984894,-0.3894788962797917,42402,0.083,1500,800,cuda,2026-06-08T17:56:33+00:00
cross_B_train_LG_test_PAN,tcn,0,0.4287845163554064,0.385123410965316,0.9425250142812729,65.35949837677623,-1.6036492242245788,16001,0.091,1500,800,cuda,2026-06-08T17:56:33+00:00
cross_B_train_LG_test_PAN,transformer,0,0.12635342540479894,0.1036664762487635,0.2941817343235016,32.30436060407337,0.7739115768016849,67265,0.306,1500,800,cuda,2026-06-08T17:56:33+00:00
cross_B_train_LG_test_PAN,patchtst,0,0.2040831554171301,0.16688220977317542,0.5631773099303246,45.17529646262733,0.41018120725698504,68481,0.132,1500,800,cuda,2026-06-08T17:56:34+00:00
within_LG,linear,1,0.06908986061261206,0.04917990841496433,0.37566086649894714,11.223737337771649,0.9197857187360674,301,0.93,31267,6117,cpu,2026-06-08T17:57:32+00:00
within_LG,linear,2,0.06908986061261206,0.04917990841496433,0.37566086649894714,11.223737337771649,0.9197857187360674,301,0.168,31267,6117,cpu,2026-06-08T17:57:32+00:00
within_LG,linear,3,0.06908986061261206,0.04917990841496433,0.37566086649894714,11.223737337771649,0.9197857187360674,301,0.262,31267,6117,cpu,2026-06-08T17:57:32+00:00
within_LG,linear,4,0.06908986061261206,0.04917990841496433,0.37566086649894714,11.223737337771649,0.9197857187360674,301,0.259,31267,6117,cpu,2026-06-08T17:57:33+00:00
within_LG,mlp,1,0.01756766254401665,0.013040899065988057,0.12053781747817993,2.6623757389065745,0.9948137789386944,110081,10.877,31267,6117,cuda,2026-06-08T17:57:44+00:00
within_LG,mlp,2,0.016412192736785784,0.012499076638109488,0.09662288427352905,2.4918851761982794,0.9954735650816168,110081,9.443,31267,6117,cuda,2026-06-08T17:57:53+00:00
within_LG,mlp,3,0.01733501672981193,0.013495839468419835,0.1027337908744812,2.69330396832787,0.9949502300487255,110081,8.628,31267,6117,cuda,2026-06-08T17:58:02+00:00
within_LG,mlp,4,0.018874112243909235,0.014584002723116218,0.09753096103668213,2.772476952740384,0.9940137323518569,110081,8.154,31267,6117,cuda,2026-06-08T17:58:10+00:00
within_LG,lstm,1,0.01223036477944369,0.009067474334131215,0.059571653604507446,1.8671255378794986,0.9974863669137528,38881,17.727,31267,6117,cuda,2026-06-08T17:58:28+00:00
within_LG,lstm,2,0.011785387026382639,0.008717696792806151,0.07831412553787231,1.8149281439621565,0.9976659467407459,38881,29.265,31267,6117,cuda,2026-06-08T17:58:57+00:00
within_LG,lstm,3,0.011529337827791416,0.008628816818107435,0.05614486336708069,1.7954873153576467,0.9977662642588275,38881,30.612,31267,6117,cuda,2026-06-08T17:59:28+00:00
within_LG,lstm,4,0.011199124567162927,0.00826248473711452,0.058696240186691284,1.7612365363710505,0.9978923853237962,38881,31.662,31267,6117,cuda,2026-06-08T18:00:00+00:00
within_LG,gru,1,0.014664041346461128,0.01096820420585116,0.0849759578704834,2.2217778939774053,0.9963864803855028,29185,14.695,31267,6117,cuda,2026-06-08T18:00:14+00:00
within_LG,gru,2,0.011039502481229231,0.008642740522078756,0.06262487173080444,1.731315647263153,0.9979520371875048,29185,28.085,31267,6117,cuda,2026-06-08T18:00:43+00:00
within_LG,gru,3,0.012513943927496485,0.009448574471945309,0.07312333583831787,1.8685851562720017,0.9973684509290326,29185,21.469,31267,6117,cuda,2026-06-08T18:01:04+00:00
within_LG,gru,4,0.01003612882732675,0.007556313460941542,0.057769715785980225,1.5817753277155404,0.9983073953940427,29185,28.355,31267,6117,cuda,2026-06-08T18:01:33+00:00
within_LG,bilstm,1,0.011714850475755361,0.00841720758387519,0.0741158276796341,1.7153692372774816,0.99769380214932,77761,45.552,31267,6117,cuda,2026-06-08T18:02:18+00:00
within_LG,bilstm,2,0.010382119352573844,0.007598998637415331,0.05020904541015625,1.5458391445966102,0.9981886803527773,77761,58.722,31267,6117,cuda,2026-06-08T18:03:17+00:00
within_LG,bilstm,3,0.012395757434352157,0.00913241928516698,0.06083261966705322,1.925365749788259,0.9974179229247975,77761,37.405,31267,6117,cuda,2026-06-08T18:03:55+00:00
within_LG,bilstm,4,0.013870009864468333,0.009961036957029386,0.0870119035243988,2.0530124472203677,0.9967672166298522,77761,30.352,31267,6117,cuda,2026-06-08T18:04:25+00:00
within_LG,cnn_bilstm_attn,1,0.015467589337405328,0.01167371155332073,0.09203189611434937,2.34853619042487,0.9959796086524193,42402,35.819,31267,6117,cuda,2026-06-08T18:05:01+00:00
within_LG,cnn_bilstm_attn,2,0.018459211238676332,0.01378055616484878,0.10059714317321777,2.806875273229485,0.9942740263797404,42402,19.695,31267,6117,cuda,2026-06-08T18:05:21+00:00
within_LG,cnn_bilstm_attn,3,0.014365263622288536,0.01085451532515198,0.07302209734916687,2.1250286075607936,0.9965322301683073,42402,42.548,31267,6117,cuda,2026-06-08T18:06:03+00:00
within_LG,cnn_bilstm_attn,4,0.01456204373898688,0.010883424228286556,0.08218520879745483,2.2599221014414765,0.996436574152635,42402,42.579,31267,6117,cuda,2026-06-08T18:06:46+00:00
within_LG,tcn,1,0.019212170032209326,0.013741338688582402,0.1177823543548584,2.6453792682895005,0.9937973695528286,16001,43.642,31267,6117,cuda,2026-06-08T18:07:30+00:00
within_LG,tcn,2,0.021278631790294163,0.015499943104545645,0.10371428728103638,2.9543767193121018,0.9923912999707183,16001,28.695,31267,6117,cuda,2026-06-08T18:07:58+00:00
within_LG,tcn,3,0.028430606219182114,0.020970144131730463,0.16116389632225037,4.097495548366472,0.9864170124139104,16001,12.222,31267,6117,cuda,2026-06-08T18:08:11+00:00
within_LG,tcn,4,0.021641411314194642,0.01593981061337215,0.1262182891368866,3.089997714708043,0.9921296468135249,16001,35.588,31267,6117,cuda,2026-06-08T18:08:46+00:00
within_LG,transformer,1,0.011173425696144377,0.008496424743839586,0.05066075921058655,1.7973624951425502,0.9979020470027129,67265,128.81,31267,6117,cuda,2026-06-08T18:10:55+00:00
within_LG,transformer,2,0.013547849013259946,0.01070328173741457,0.057339370250701904,2.1261761822749614,0.9969156492536169,67265,82.018,31267,6117,cuda,2026-06-08T18:12:18+00:00
within_LG,transformer,3,0.01047816884836137,0.0079864499755831,0.05019032955169678,1.5736614195469165,0.9981550107140013,67265,128.822,31267,6117,cuda,2026-06-08T18:14:27+00:00
within_LG,transformer,4,0.010961065704640225,0.008349958935730283,0.050839781761169434,1.6847842435098899,0.9979810357652572,67265,125.912,31267,6117,cuda,2026-06-08T18:16:33+00:00
within_LG,patchtst,1,0.02761140191503533,0.01928174989722768,0.16370706260204315,4.204776483695947,0.9871885000630046,68481,53.248,31267,6117,cuda,2026-06-08T18:17:26+00:00
within_LG,patchtst,2,0.03182998885976901,0.023572305726209886,0.16370472311973572,4.9516594676890495,0.9829746504703459,68481,30.326,31267,6117,cuda,2026-06-08T18:17:56+00:00
within_LG,patchtst,3,0.030145889161398865,0.022319111857945103,0.1510581523180008,4.667155485908327,0.9847285856931418,68481,40.443,31267,6117,cuda,2026-06-08T18:18:37+00:00
within_LG,patchtst,4,0.0296023078486772,0.0217246500123886,0.15765152871608734,4.710516245701588,0.985274359119283,68481,41.696,31267,6117,cuda,2026-06-08T18:19:19+00:00
within_PAN,linear,1,0.09078030630146086,0.06857622015120807,0.5497070550918579,17.30950569392015,0.885432583251816,301,0.219,31768,10582,cpu,2026-06-08T18:19:20+00:00
within_PAN,linear,2,0.09078030630146086,0.06857622015120807,0.5497070550918579,17.30950569392015,0.885432583251816,301,0.144,31768,10582,cpu,2026-06-08T18:19:20+00:00
within_PAN,linear,3,0.09078030630146086,0.06857622015120807,0.5497070550918579,17.30950569392015,0.885432583251816,301,0.241,31768,10582,cpu,2026-06-08T18:19:20+00:00
within_PAN,linear,4,0.09078030630146086,0.06857622015120807,0.5497070550918579,17.30950569392015,0.885432583251816,301,0.274,31768,10582,cpu,2026-06-08T18:19:21+00:00
within_PAN,mlp,1,0.022736970597517534,0.016942878837616766,0.13543668389320374,4.04257968263577,0.9928130763095713,110081,6.854,31768,10582,cuda,2026-06-08T18:19:28+00:00
within_PAN,mlp,2,0.02519483538862425,0.02103368990211986,0.1364695280790329,4.4969049580608145,0.9911752810325906,110081,6.62,31768,10582,cuda,2026-06-08T18:19:34+00:00
within_PAN,mlp,3,0.0236491683649639,0.019216507506396453,0.11530226469039917,4.407448486634505,0.9922248356187893,110081,9.678,31768,10582,cuda,2026-06-08T18:19:44+00:00
within_PAN,mlp,4,0.0226816621433417,0.017674442322932127,0.11307922005653381,4.204793933412114,0.992847998655504,110081,8.3,31768,10582,cuda,2026-06-08T18:19:52+00:00
within_PAN,lstm,1,0.02241167766509458,0.016511816358215935,0.15053951740264893,4.30352240197999,0.9930172487938016,38881,16.358,31768,10582,cuda,2026-06-08T18:20:09+00:00
within_PAN,lstm,2,0.02078663476482885,0.014743738907189208,0.1291348785161972,4.041257527131009,0.9939931580676488,38881,26.764,31768,10582,cuda,2026-06-08T18:20:36+00:00
within_PAN,lstm,3,0.02103822393913461,0.015523192724640733,0.11198829114437103,4.109221637865492,0.993846871562163,38881,15.674,31768,10582,cuda,2026-06-08T18:20:51+00:00
within_PAN,lstm,4,0.02165569630070038,0.016082608405563314,0.1269039660692215,4.0894832825951415,0.9934803821851744,38881,14.21,31768,10582,cuda,2026-06-08T18:21:06+00:00
within_PAN,gru,1,0.018375919898699633,0.013142538266976374,0.10640450567007065,3.662674092985984,0.9953056441094159,29185,23.676,31768,10582,cuda,2026-06-08T18:21:30+00:00
within_PAN,gru,2,0.018349761790146853,0.013867468813772554,0.08752551674842834,3.3604060899378565,0.9953189994213694,29185,15.601,31768,10582,cuda,2026-06-08T18:21:45+00:00
within_PAN,gru,3,0.016178729901077254,0.011774118911553095,0.09349608421325684,3.035515338776258,0.996361128809825,29185,23.891,31768,10582,cuda,2026-06-08T18:22:09+00:00
within_PAN,gru,4,0.01581436061705616,0.011569361586318735,0.09918703138828278,3.113351837161817,0.9965231887921723,29185,29.804,31768,10582,cuda,2026-06-08T18:22:39+00:00
within_PAN,bilstm,1,0.021669302092951544,0.015726051718402148,0.15184760093688965,4.016030257484094,0.9934721873499804,77761,29.478,31768,10582,cuda,2026-06-08T18:23:09+00:00
within_PAN,bilstm,2,0.023901216628452314,0.01786890755117255,0.14153367280960083,4.252115082447374,0.992058220049824,77761,19.602,31768,10582,cuda,2026-06-08T18:23:29+00:00
within_PAN,bilstm,3,0.02058283066841738,0.015339832699784955,0.12324044108390808,3.991381877363478,0.9941103696830266,77761,38.062,31768,10582,cuda,2026-06-08T18:24:07+00:00
within_PAN,bilstm,4,0.017715797452661473,0.013190271484941396,0.12308911979198456,3.3342514482215444,0.9956368590211674,77761,57.88,31768,10582,cuda,2026-06-08T18:25:05+00:00
within_PAN,cnn_bilstm_attn,1,0.01914727870575116,0.014432774418396436,0.10649856925010681,3.442590311832182,0.9949032662019782,42402,44.359,31768,10582,cuda,2026-06-08T18:25:49+00:00
within_PAN,cnn_bilstm_attn,2,0.02127813044028847,0.01475011020584799,0.12967118620872498,4.083302374977838,0.9937057387173494,42402,35.472,31768,10582,cuda,2026-06-08T18:26:25+00:00
within_PAN,cnn_bilstm_attn,3,0.019953579846030245,0.014418529201192637,0.10123702883720398,3.6964659324152773,0.9944649763646795,42402,44.364,31768,10582,cuda,2026-06-08T18:27:09+00:00
within_PAN,cnn_bilstm_attn,4,0.02282251619656419,0.01672702075350636,0.1168401837348938,4.156780495352966,0.9927588943973387,42402,26.649,31768,10582,cuda,2026-06-08T18:27:36+00:00
within_PAN,tcn,1,0.026733744641360368,0.018246999167101614,0.1647741198539734,4.813166292396354,0.9900643239264068,16001,45.248,31768,10582,cuda,2026-06-08T18:28:21+00:00
within_PAN,tcn,2,0.025865364275811487,0.017357663027738,0.16228309273719788,4.249180007599822,0.9906993129459715,16001,45.048,31768,10582,cuda,2026-06-08T18:29:07+00:00
within_PAN,tcn,3,0.030405067172519683,0.02234901527396629,0.18373188376426697,5.660741886946079,0.9871480280889368,16001,25.335,31768,10582,cuda,2026-06-08T18:29:32+00:00
within_PAN,tcn,4,0.028100166788189062,0.01982601827664955,0.13576333224773407,5.011620414693539,0.9890226975903611,16001,45.048,31768,10582,cuda,2026-06-08T18:30:17+00:00
within_PAN,transformer,1,0.01974485623265464,0.016289049039584797,0.09059232473373413,3.6012943054928206,0.9945801684965515,67265,81.785,31768,10582,cuda,2026-06-08T18:31:39+00:00
within_PAN,transformer,2,0.016861267354709653,0.012652424663485528,0.12023796141147614,3.177788409316087,0.9960476239166105,67265,85.051,31768,10582,cuda,2026-06-08T18:33:05+00:00
within_PAN,transformer,3,0.020415111867805164,0.015258729433212404,0.12005747854709625,3.858257868604701,0.9942059617040592,67265,58.908,31768,10582,cuda,2026-06-08T18:34:04+00:00
within_PAN,transformer,4,0.017362474144540216,0.013467559367742167,0.16241000592708588,3.2391765781290327,0.9958091602233528,67265,72.004,31768,10582,cuda,2026-06-08T18:35:16+00:00
within_PAN,patchtst,1,0.033451027222552845,0.02298130560895149,0.2828872799873352,5.128422076039554,0.9844440424005361,68481,35.629,31768,10582,cuda,2026-06-08T18:35:52+00:00
within_PAN,patchtst,2,0.03227927335746214,0.023115871760355594,0.2467525601387024,5.194760355201038,0.9855147720929959,68481,39.55,31768,10582,cuda,2026-06-08T18:36:31+00:00
within_PAN,patchtst,3,0.034732129519607864,0.026744712420488054,0.2513626217842102,6.026126854470253,0.9832297067437729,68481,28.823,31768,10582,cuda,2026-06-08T18:37:00+00:00
within_PAN,patchtst,4,0.034284353274775727,0.023923047583256613,0.25354623794555664,5.451776618203081,0.9836593338816563,68481,36.744,31768,10582,cuda,2026-06-08T18:37:37+00:00
cross_A_train_PAN_test_LG,linear,1,0.10178948026212994,0.08165443573512336,0.42323189973831177,18.9041057747928,0.8209547622308192,301,0.268,42051,44282,cpu,2026-06-08T18:37:39+00:00
cross_A_train_PAN_test_LG,linear,2,0.10178948026212994,0.08165443573512336,0.42323189973831177,18.9041057747928,0.8209547622308192,301,0.213,42051,44282,cpu,2026-06-08T18:37:39+00:00
cross_A_train_PAN_test_LG,linear,3,0.10178948026212994,0.08165443573512336,0.42323189973831177,18.9041057747928,0.8209547622308192,301,0.283,42051,44282,cpu,2026-06-08T18:37:40+00:00
cross_A_train_PAN_test_LG,linear,4,0.10178948026212994,0.08165443573512336,0.42323189973831177,18.9041057747928,0.8209547622308192,301,0.154,42051,44282,cpu,2026-06-08T18:37:40+00:00
cross_A_train_PAN_test_LG,mlp,1,0.10562808707219773,0.08343222016667771,0.43802982568740845,16.615350748066312,0.8071961019877247,110081,6.716,42051,44282,cuda,2026-06-08T18:37:47+00:00
cross_A_train_PAN_test_LG,mlp,2,0.10470203079708465,0.08552918089803149,0.35705190896987915,16.481016418320383,0.810561960256989,110081,7.64,42051,44282,cuda,2026-06-08T18:37:55+00:00
cross_A_train_PAN_test_LG,mlp,3,0.09716371017354539,0.08003275358790246,0.3269187808036804,15.771651828440945,0.8368582336205872,110081,13.344,42051,44282,cuda,2026-06-08T18:38:08+00:00
cross_A_train_PAN_test_LG,mlp,4,0.10429248222639226,0.08201212628980643,0.3795158863067627,15.833484074463797,0.8120410593790179,110081,9.324,42051,44282,cuda,2026-06-08T18:38:18+00:00
cross_A_train_PAN_test_LG,lstm,1,0.10731018788005255,0.08754263222892254,0.3409387469291687,17.702760574230844,0.8010064998862101,38881,20.297,42051,44282,cuda,2026-06-08T18:38:38+00:00
cross_A_train_PAN_test_LG,lstm,2,0.1053172992363543,0.08328143213262099,0.3464113771915436,16.22841020960871,0.8083290005454159,38881,31.049,42051,44282,cuda,2026-06-08T18:39:10+00:00
cross_A_train_PAN_test_LG,lstm,3,0.10461589603888631,0.08412205678130939,0.3318312168121338,17.04737872562169,0.8108735203637656,38881,21.646,42051,44282,cuda,2026-06-08T18:39:32+00:00
cross_A_train_PAN_test_LG,lstm,4,0.10549074086826342,0.08270681370634395,0.41061198711395264,16.260734639441537,0.8076971745325989,38881,15.88,42051,44282,cuda,2026-06-08T18:39:48+00:00
cross_A_train_PAN_test_LG,gru,1,0.09570316858812089,0.0752513906393727,0.32670295238494873,14.501218445287705,0.8417259869177751,29185,28.558,42051,44282,cuda,2026-06-08T18:40:17+00:00
cross_A_train_PAN_test_LG,gru,2,0.08901264734561777,0.0708600879148346,0.30425554513931274,14.222701837000674,0.8630820412478739,29185,19.272,42051,44282,cuda,2026-06-08T18:40:36+00:00
cross_A_train_PAN_test_LG,gru,3,0.09870393067772215,0.07934375277442648,0.32307249307632446,16.4745300741587,0.8316450553840702,29185,21.571,42051,44282,cuda,2026-06-08T18:40:58+00:00
cross_A_train_PAN_test_LG,gru,4,0.10092392722190154,0.07953367061799611,0.3536970019340515,15.699493339477765,0.8239867897627646,29185,20.722,42051,44282,cuda,2026-06-08T18:41:19+00:00
cross_A_train_PAN_test_LG,bilstm,1,0.10925826580570339,0.08454298154296959,0.3659766912460327,17.029284543476646,0.7937159799593541,77761,36.488,42051,44282,cuda,2026-06-08T18:41:56+00:00
cross_A_train_PAN_test_LG,bilstm,2,0.10363215022411014,0.08242115153070088,0.34705615043640137,16.737717085489468,0.8144136634339504,77761,79.366,42051,44282,cuda,2026-06-08T18:43:16+00:00
cross_A_train_PAN_test_LG,bilstm,3,0.09968457223655994,0.08050233284063221,0.3302221894264221,16.22693942508513,0.8282831632505272,77761,41.254,42051,44282,cuda,2026-06-08T18:43:58+00:00
cross_A_train_PAN_test_LG,bilstm,4,0.09850878073786824,0.07933053719646632,0.3183754086494446,15.742495045818774,0.83231011458521,77761,36.508,42051,44282,cuda,2026-06-08T18:44:35+00:00
cross_A_train_PAN_test_LG,cnn_bilstm_attn,1,0.1040820013364192,0.08501673670395012,0.3273041844367981,16.72497757486548,0.8127989633601345,42402,16.055,42051,44282,cuda,2026-06-08T18:44:52+00:00
cross_A_train_PAN_test_LG,cnn_bilstm_attn,2,0.10721625644821033,0.08834537839301045,0.33954089879989624,17.11981815049747,0.8013547159144209,42402,53.956,42051,44282,cuda,2026-06-08T18:45:46+00:00
cross_A_train_PAN_test_LG,cnn_bilstm_attn,3,0.10444206680265261,0.08515107221314214,0.3487018346786499,17.050830668327976,0.8115015013818265,42402,29.996,42051,44282,cuda,2026-06-08T18:46:16+00:00
cross_A_train_PAN_test_LG,cnn_bilstm_attn,4,0.10939452097599063,0.088054324330201,0.3868434429168701,17.19666423014733,0.7932011486053904,42402,20.682,42051,44282,cuda,2026-06-08T18:46:38+00:00
cross_A_train_PAN_test_LG,tcn,1,0.1120270768059621,0.09189011066981079,0.405713826417923,17.235958134739,0.7831282479426052,16001,58.835,42051,44282,cuda,2026-06-08T18:47:37+00:00
cross_A_train_PAN_test_LG,tcn,2,0.1082556818914186,0.09016486404081799,0.36874204874038696,17.583963128658727,0.7974844478864339,16001,58.723,42051,44282,cuda,2026-06-08T18:48:36+00:00
cross_A_train_PAN_test_LG,tcn,3,0.10601885926909252,0.08523168312432368,0.33900362253189087,16.399002219408278,0.8057669031849023,16001,58.533,42051,44282,cuda,2026-06-08T18:49:34+00:00
cross_A_train_PAN_test_LG,tcn,4,0.112354074735602,0.09175540933453719,0.41822558641433716,17.821793685918426,0.7818603381504308,16001,58.546,42051,44282,cuda,2026-06-08T18:50:33+00:00
cross_A_train_PAN_test_LG,transformer,1,0.09490242594180787,0.07562890546308462,0.32143157720565796,14.959789163162066,0.8443634451034338,67265,59.522,42051,44282,cuda,2026-06-08T18:51:34+00:00
cross_A_train_PAN_test_LG,transformer,2,0.10474185898764525,0.08722891102056061,0.3563076853752136,17.635564043439338,0.8104178100561508,67265,97.854,42051,44282,cuda,2026-06-08T18:53:13+00:00
cross_A_train_PAN_test_LG,transformer,3,0.09591338044155645,0.07928159349325799,0.3166724443435669,15.946439548788454,0.8410299260859024,67265,110.728,42051,44282,cuda,2026-06-08T18:55:05+00:00
cross_A_train_PAN_test_LG,transformer,4,0.09709393091834997,0.07961765129948141,0.3250414729118347,16.74771178049587,0.837092473815501,67265,114.894,42051,44282,cuda,2026-06-08T18:57:01+00:00
cross_A_train_PAN_test_LG,patchtst,1,0.07316001860408582,0.058128670216610154,0.29959239065647125,13.43766390954567,0.9075079096094371,68481,60.586,42051,44282,cuda,2026-06-08T18:58:02+00:00
cross_A_train_PAN_test_LG,patchtst,2,0.07201504587196719,0.056658463536610144,0.29976367950439453,12.725490259906454,0.9103803045426686,68481,64.99,42051,44282,cuda,2026-06-08T18:59:07+00:00
cross_A_train_PAN_test_LG,patchtst,3,0.07124409006994963,0.05685583734714502,0.27657151967287064,12.517152463565084,0.9122888776012866,68481,56.437,42051,44282,cuda,2026-06-08T19:00:04+00:00
cross_A_train_PAN_test_LG,patchtst,4,0.07437609149138415,0.05952086823063548,0.2928638458251953,13.191758594335631,0.904407529692217,68481,45.994,42051,44282,cuda,2026-06-08T19:00:50+00:00
cross_B_train_LG_test_PAN,linear,1,0.0970961254120389,0.07366415866295031,0.8504485189914703,15.362915507937108,0.8704605853154042,301,0.233,38165,52633,cpu,2026-06-08T19:00:52+00:00
cross_B_train_LG_test_PAN,linear,2,0.0970961254120389,0.07366415866295031,0.8504485189914703,15.362915507937108,0.8704605853154042,301,0.2,38165,52633,cpu,2026-06-08T19:00:53+00:00
cross_B_train_LG_test_PAN,linear,3,0.0970961254120389,0.07366415866295031,0.8504485189914703,15.362915507937108,0.8704605853154042,301,0.146,38165,52633,cpu,2026-06-08T19:00:53+00:00
cross_B_train_LG_test_PAN,linear,4,0.0970961254120389,0.07366415866295031,0.8504485189914703,15.362915507937108,0.8704605853154042,301,0.237,38165,52633,cpu,2026-06-08T19:00:53+00:00
cross_B_train_LG_test_PAN,mlp,1,0.09974707166539877,0.08535651060062709,0.3343260884284973,15.584879654827521,0.8632905802337985,110081,13.04,38165,52633,cuda,2026-06-08T19:01:06+00:00
cross_B_train_LG_test_PAN,mlp,2,0.09450936846067268,0.08016925223421276,0.32542872428894043,14.701436448858965,0.8772708142706567,110081,12.049,38165,52633,cuda,2026-06-08T19:01:19+00:00
cross_B_train_LG_test_PAN,mlp,3,0.09779566113815015,0.08292357231534427,0.3320907950401306,14.249749658353302,0.8685873101882771,110081,5.81,38165,52633,cuda,2026-06-08T19:01:24+00:00
cross_B_train_LG_test_PAN,mlp,4,0.09353305921706037,0.07977072072932702,0.31959930062294006,14.96237559247337,0.8797933735524573,110081,12.969,38165,52633,cuda,2026-06-08T19:01:38+00:00
cross_B_train_LG_test_PAN,lstm,1,0.09214758345399215,0.06931248321213941,0.4635007977485657,13.325783960230202,0.8833281641740529,38881,26.492,38165,52633,cuda,2026-06-08T19:02:04+00:00
cross_B_train_LG_test_PAN,lstm,2,0.0902778960388916,0.06922924018279561,0.3767199069261551,13.284405291639146,0.8880147074519301,38881,37.559,38165,52633,cuda,2026-06-08T19:02:42+00:00
cross_B_train_LG_test_PAN,lstm,3,0.08952072172288728,0.07059228714399293,0.4000190496444702,13.416198931474419,0.889885304967571,38881,21.444,38165,52633,cuda,2026-06-08T19:03:04+00:00
cross_B_train_LG_test_PAN,lstm,4,0.09336160482834516,0.06992393416922107,0.4572969079017639,13.456078652121208,0.8802336684362865,38881,31.343,38165,52633,cuda,2026-06-08T19:03:36+00:00
cross_B_train_LG_test_PAN,gru,1,0.08944279008180128,0.069816648029658,0.33201974630355835,13.522847469644553,0.8900769406800461,29185,34.012,38165,52633,cuda,2026-06-08T19:04:10+00:00
cross_B_train_LG_test_PAN,gru,2,0.09386236495113527,0.0789220463976083,0.3317597508430481,14.438383991188141,0.8789454505720599,29185,29.217,38165,52633,cuda,2026-06-08T19:04:40+00:00
cross_B_train_LG_test_PAN,gru,3,0.08926581244916214,0.07032899797846622,0.3283776640892029,13.457185894782317,0.8905115129102021,29185,33.951,38165,52633,cuda,2026-06-08T19:05:14+00:00
cross_B_train_LG_test_PAN,gru,4,0.09039512533772767,0.07151627924707406,0.3498591482639313,14.068290760956181,0.8877236842562433,29185,34.046,38165,52633,cuda,2026-06-08T19:05:49+00:00
cross_B_train_LG_test_PAN,bilstm,1,0.09470944892083275,0.07239008440239897,0.4062676429748535,13.810179018523074,0.8767506181226252,77761,70.352,38165,52633,cuda,2026-06-08T19:07:00+00:00
cross_B_train_LG_test_PAN,bilstm,2,0.09451781314327022,0.07258885817063758,0.4047340452671051,13.810352150595934,0.8772488808826999,77761,57.631,38165,52633,cuda,2026-06-08T19:07:58+00:00
cross_B_train_LG_test_PAN,bilstm,3,0.09067428108090764,0.0702889441185121,0.3917158842086792,13.396252563940909,0.8870291562296383,77761,49.117,38165,52633,cuda,2026-06-08T19:08:48+00:00
cross_B_train_LG_test_PAN,bilstm,4,0.09218001349579967,0.07154332745232185,0.3766236901283264,13.682002511683509,0.8832460277104188,77761,70.088,38165,52633,cuda,2026-06-08T19:09:59+00:00
cross_B_train_LG_test_PAN,cnn_bilstm_attn,1,0.09799015827863318,0.08126053167515015,0.33226829767227173,14.420009384196483,0.8680640802514635,42402,48.861,38165,52633,cuda,2026-06-08T19:10:48+00:00
cross_B_train_LG_test_PAN,cnn_bilstm_attn,2,0.10060958697777077,0.0837215826440797,0.2960520386695862,14.75297963949685,0.8609160990913306,42402,51.316,38165,52633,cuda,2026-06-08T19:11:40+00:00
cross_B_train_LG_test_PAN,cnn_bilstm_attn,3,0.10341556436398193,0.08706407758070193,0.303101122379303,15.269307766025408,0.8530498805853283,42402,37.876,38165,52633,cuda,2026-06-08T19:12:18+00:00
cross_B_train_LG_test_PAN,cnn_bilstm_attn,4,0.09433630996007641,0.07768354702527086,0.3171229362487793,14.60534864661044,0.8777198678040908,42402,51.192,38165,52633,cuda,2026-06-08T19:13:10+00:00
cross_B_train_LG_test_PAN,tcn,1,0.09571571731771618,0.07362693403934485,0.4729503393173218,13.965171419014505,0.874117706344033,16001,52.968,38165,52633,cuda,2026-06-08T19:14:03+00:00
cross_B_train_LG_test_PAN,tcn,2,0.09388354550381287,0.07284661486000006,0.4526505172252655,13.780250811266587,0.8788908111741952,16001,52.881,38165,52633,cuda,2026-06-08T19:14:56+00:00
cross_B_train_LG_test_PAN,tcn,3,0.09672832934053507,0.07968432371094142,0.45398837327957153,14.604419742505264,0.8714401063975439,16001,32.671,38165,52633,cuda,2026-06-08T19:15:29+00:00
cross_B_train_LG_test_PAN,tcn,4,0.09702023628926942,0.07723854070709579,0.4836598336696625,14.430187878243725,0.8706629989699713,16001,52.86,38165,52633,cuda,2026-06-08T19:16:22+00:00
cross_B_train_LG_test_PAN,transformer,1,0.08922429128588981,0.07491121906735843,0.32372963428497314,13.726500754698748,0.8906133443267005,67265,109.637,38165,52633,cuda,2026-06-08T19:18:13+00:00
cross_B_train_LG_test_PAN,transformer,2,0.0960747263162656,0.08053722789537025,0.30906182527542114,14.257053523216173,0.8731716207519914,67265,90.722,38165,52633,cuda,2026-06-08T19:19:45+00:00
cross_B_train_LG_test_PAN,transformer,3,0.08687505528045887,0.0723525876398008,0.30639493465423584,13.455127487734734,0.8962977167453094,67265,105.822,38165,52633,cuda,2026-06-08T19:21:32+00:00
cross_B_train_LG_test_PAN,transformer,4,0.089837327935171,0.07641353000978804,0.32200080156326294,13.71328196539543,0.8891050465987156,67265,105.834,38165,52633,cuda,2026-06-08T19:23:19+00:00
cross_B_train_LG_test_PAN,patchtst,1,0.08443601296807401,0.07005046450631196,0.3750650882720947,12.860820023404962,0.9020389195502903,68481,76.186,38165,52633,cuda,2026-06-08T19:24:36+00:00
cross_B_train_LG_test_PAN,patchtst,2,0.08394720655706196,0.07014571698635,0.3792111873626709,12.65496494827978,0.9031698446243124,68481,72.675,38165,52633,cuda,2026-06-08T19:25:49+00:00
cross_B_train_LG_test_PAN,patchtst,3,0.0796441120310272,0.06562838494349327,0.37283140420913696,11.866214830387086,0.9128423564620672,68481,75.989,38165,52633,cuda,2026-06-08T19:27:06+00:00
cross_B_train_LG_test_PAN,patchtst,4,0.08373423454674127,0.07036508964307245,0.404945433139801,12.93715625768693,0.9036605328746238,68481,68.149,38165,52633,cuda,2026-06-08T19:28:15+00:00
within_LG,linear,0,0.06908986061261206,0.04917990841496433,0.37566086649894714,11.223737337771649,0.9197857187360674,301,1.246,31267,6117,cpu,2026-06-08T22:43:45+00:00
within_LG,mlp,0,0.0167994398126775,0.01296958223518757,0.10420218110084534,2.630254293998282,0.9952574418589233,110081,15.616,31267,6117,cuda,2026-06-08T22:44:02+00:00
within_LG,lstm,0,0.010777094410271538,0.007941632464135883,0.048458099365234375,1.5783388463016805,0.998048239887124,38881,27.888,31267,6117,cuda,2026-06-08T22:44:30+00:00
within_LG,gru,0,0.012097052233218695,0.009355348571270183,0.07534301280975342,1.893458518259722,0.9975408661086494,29185,20.314,31267,6117,cuda,2026-06-08T22:44:50+00:00
within_LG,bilstm,0,0.012651833045965243,0.00925722509227938,0.09208342432975769,1.959845628404655,0.9973101381952729,77761,30.898,31267,6117,cuda,2026-06-08T22:45:21+00:00
within_LG,cnn_bilstm_attn,0,0.018068760194753904,0.013345888600993316,0.08511075377464294,2.650512579248516,0.9945136972243197,42402,32.018,31267,6117,cuda,2026-06-08T22:45:53+00:00
within_LG,tcn,0,0.02050966449649142,0.014741956571338418,0.10895028710365295,2.8660481308833488,0.9929312898215188,16001,42.873,31267,6117,cuda,2026-06-08T22:46:36+00:00
within_LG,transformer,0,0.013338283166048912,0.01000110035738135,0.0631568431854248,1.9645290081042766,0.9970103322297148,67265,81.581,31267,6117,cuda,2026-06-08T22:47:58+00:00
within_LG,patchtst,0,0.03196049860061877,0.022649647734690203,0.17965933680534363,4.874588625497741,0.9828347491183044,68481,27.443,31267,6117,cuda,2026-06-08T22:48:25+00:00
within_PAN,linear,0,0.09078030630146086,0.06857622015120807,0.5497070550918579,17.30950569392015,0.885432583251816,301,0.241,31768,10582,cpu,2026-06-08T22:48:27+00:00
within_PAN,mlp,0,0.026053381322166766,0.01987910312724528,0.123166024684906,4.371344185529435,0.9905636068833267,110081,5.905,31768,10582,cuda,2026-06-08T22:48:33+00:00
within_PAN,lstm,0,0.024156911073786366,0.018251040740953548,0.12174755334854126,4.559509471437636,0.9918873893287834,38881,11.755,31768,10582,cuda,2026-06-08T22:48:45+00:00
within_PAN,gru,0,0.01581998135193382,0.011567783704091956,0.0923004150390625,3.036622830980723,0.9965207168987661,29185,28.592,31768,10582,cuda,2026-06-08T22:49:13+00:00
within_PAN,bilstm,0,0.018702446531522927,0.013070984983450972,0.13269980251789093,3.653350549709288,0.9951373313519045,77761,54.629,31768,10582,cuda,2026-06-08T22:50:08+00:00
within_PAN,cnn_bilstm_attn,0,0.021875418887839965,0.015918830631783454,0.11608505249023438,4.065891025862984,0.9933474125949397,42402,36.477,31768,10582,cuda,2026-06-08T22:50:45+00:00
within_PAN,tcn,0,0.027260873759057065,0.018922106148662764,0.17318344116210938,4.505484604379816,0.9896686428176119,16001,43.911,31768,10582,cuda,2026-06-08T22:51:29+00:00
within_PAN,transformer,0,0.020291731856012133,0.01585607414921185,0.10884971916675568,3.5405161338636777,0.9942757833480943,67265,56.47,31768,10582,cuda,2026-06-08T22:52:26+00:00
within_PAN,patchtst,0,0.033138493162882796,0.025096735964909245,0.21371793746948242,5.2390981857484284,0.9847333641439316,68481,39.93,31768,10582,cuda,2026-06-08T22:53:06+00:00
cross_A_train_PAN_test_LG,linear,0,0.10178948026212994,0.08165443573512336,0.42323189973831177,18.9041057747928,0.8209547622308192,301,0.155,42051,44282,cpu,2026-06-08T22:53:08+00:00
cross_A_train_PAN_test_LG,mlp,0,0.10199502756369037,0.0810898153544506,0.37770015001296997,16.28460020429,0.8202309266540806,110081,14.431,42051,44282,cuda,2026-06-08T22:53:22+00:00
cross_A_train_PAN_test_LG,lstm,0,0.10528412256644341,0.08385246493022248,0.3387600779533386,16.7548417063244,0.8084497405175037,38881,40.261,42051,44282,cuda,2026-06-08T22:54:03+00:00
cross_A_train_PAN_test_LG,gru,0,0.09700453665102295,0.07739642071849152,0.302165150642395,15.928094563044601,0.8373923132542732,29185,35.398,42051,44282,cuda,2026-06-08T22:54:39+00:00
cross_A_train_PAN_test_LG,bilstm,0,0.1096293952573499,0.08636170162900382,0.3889991343021393,17.268156108869736,0.7923121849924112,77761,67.558,42051,44282,cuda,2026-06-08T22:55:47+00:00
cross_A_train_PAN_test_LG,cnn_bilstm_attn,0,0.10204054508852953,0.0830434559792318,0.34046757221221924,16.179062839209905,0.8200704390440645,42402,22.993,42051,44282,cuda,2026-06-08T22:56:10+00:00
cross_A_train_PAN_test_LG,tcn,0,0.10831897459970563,0.08750464121193309,0.36033910512924194,16.733662201379097,0.7972475733953929,16001,57.264,42051,44282,cuda,2026-06-08T22:57:08+00:00
cross_A_train_PAN_test_LG,transformer,0,0.09822085437101723,0.08171088715242013,0.30987077951431274,16.327124260944476,0.8332889466871137,67265,77.525,42051,44282,cuda,2026-06-08T22:58:26+00:00
cross_A_train_PAN_test_LG,patchtst,0,0.0761009572317605,0.05936338644304641,0.3348582684993744,13.583631970619429,0.8999223221727529,68481,55.049,42051,44282,cuda,2026-06-08T22:59:22+00:00
cross_B_train_LG_test_PAN,linear,0,0.0970961254120389,0.07366415866295031,0.8504485189914703,15.362915507937108,0.8704605853154042,301,0.227,38165,52633,cpu,2026-06-08T22:59:24+00:00
cross_B_train_LG_test_PAN,mlp,0,0.09347359217501063,0.079433534117208,0.32036852836608887,14.642072228052507,0.8799461764258654,110081,9.621,38165,52633,cuda,2026-06-08T22:59:34+00:00
cross_B_train_LG_test_PAN,lstm,0,0.09260225222529311,0.07138962859113282,0.4067794978618622,13.602859343959258,0.8821739741471292,38881,32.803,38165,52633,cuda,2026-06-08T23:00:07+00:00
cross_B_train_LG_test_PAN,gru,0,0.09187861251615956,0.0772798266582797,0.31555265188217163,14.200316786562443,0.884008280400841,29185,20.43,38165,52633,cuda,2026-06-08T23:00:28+00:00
cross_B_train_LG_test_PAN,bilstm,0,0.09013706903026522,0.07005264139402699,0.3756033182144165,13.303362969597202,0.8883638129137924,77761,47.609,38165,52633,cuda,2026-06-08T23:01:16+00:00
cross_B_train_LG_test_PAN,cnn_bilstm_attn,0,0.09453343071957927,0.07702587633235604,0.299979031085968,14.421036129869083,0.8772083121625982,42402,49.139,38165,52633,cuda,2026-06-08T23:02:06+00:00
cross_B_train_LG_test_PAN,tcn,0,0.09794000473699488,0.08059661642801003,0.4526394009590149,14.537439090369485,0.868199101163427,16001,51.642,38165,52633,cuda,2026-06-08T23:02:57+00:00
cross_B_train_LG_test_PAN,transformer,0,0.09281409661314495,0.07770498442356648,0.3211600184440613,14.232425129863902,0.8816342608492417,67265,94.452,38165,52633,cuda,2026-06-08T23:04:33+00:00
cross_B_train_LG_test_PAN,patchtst,0,0.0839027093879567,0.06880554545412335,0.36156582832336426,12.374554905795067,0.9032724692629581,68481,70.345,38165,52633,cuda,2026-06-08T23:05:44+00:00
